{
    "$schema": "http://json-schema.org/draft-07/schema#",
    "title": "HTML2EXE 2.0 Webview Config",
    "type": "object",
    "properties": {
        "maximized": {
            "type": "boolean",
            "description": "If the window should be automatically maximized."
        },
        "resizable": {
            "type": "boolean",
            "description": "If the window should be resizable."
        },
        "control_box": {
            "type": "boolean",
            "description": "If the window should have a control box (minimize, maximize and close buttons)."
        },
        "minimizable": {
            "type": "boolean",
            "description": "If the window should be minimizable."
        },
        "maximizable": {
            "type": "boolean",
            "description": "If the window should be maximizable."
        },
        "fullscreen": {
            "type": "boolean",
            "description": "If the window should be fullscreen by default."
        },
        "always_on_top": {
            "type": "boolean",
            "description": "If the window should be always on top."
        },
        "zoomcontrol": {
            "type": "boolean",
            "description": "If the zoom control should be enabled."
        },
        "show_in_taskbar": {
            "type": "boolean",
            "description": "If the window should be shown in the taskbar."
        },
        "width": {
            "type": "integer",
            "description": "The width of the window."
        },
        "height": {
            "type": "integer",
            "description": "The height of the window."
        },
        "url": {
            "type": "string",
            "description": "The URL to load."
        },
        "title": {
            "type": "string",
            "description": "The title of the window."
        },
        "icon": {
            "type": "string",
            "description": "The icon of the window."
        },
        "context_menu": {
            "type": "boolean",
            "description": "If the context menu should be enabled."
        },
        "dev_tools": {
            "type": "boolean",
            "description": "If developer tools should be enabled."
        },
        "block_close": {
            "type": "boolean",
            "description": "If the window should be blocked from closing."
        },
        "additional_cmd": {
            "type": "string",
            "description": "Additional command to run in the webfiles folder after starting the window (in a hidden cmd.exe window, use call to stay hidden or start to create a window)."
        }
    },
    "required": []
}